risk_id,process,risk_type,events_last_3y,total_loss_last_3y,controls_level,critical_flag,freq_annual,severity_avg,el_annual,controls_level_num,freq_annual_adj,el_annual_adj,probability_1_5,impact_1_5,risk_score,is_critical,score_norm,category
1,Reclamaciones,Operativo,4,12947297.19,Bajo,1,1.3333333333333333,3236824.25,4315765.666666666,5,1.411214953271028,4567854.782710279,4,4,16,True,0.625,medio
2,Pagos,Operativo,2,2857244.88,Bajo,0,0.6666666666666666,1428622.5,952415.0,5,0.7056074766355139,1008046.7172897196,2,2,4,False,0.125,bajo
3,Onboarding,Reputacional,4,12019115.04,Bajo,0,1.3333333333333333,3004778.75,4006371.6666666665,5,1.411214953271028,4240388.703271028,4,4,16,True,0.625,medio
4,Reclamaciones,Cumplimiento,2,6865292.92,Medio,0,0.6666666666666666,3432646.5,2288431.0,3,0.6666666666666666,2288431.0,2,4,8,False,0.2916666666666667,bajo
5,Reclamaciones,Cumplimiento,3,3693189.08,Bajo,0,1.0,1231063.0,1231063.0,5,1.058411214953271,1302970.8855140186,3,2,6,False,0.20833333333333334,bajo
6,Pagos,Operativo,5,11693036.8,Alto,0,1.6666666666666667,2338607.4,3897679.0,1,1.875,4384888.874999999,5,3,15,False,0.5833333333333334,medio
7,Onboarding,Cumplimiento,2,2065183.66,Medio,0,0.6666666666666666,1032592.0,688394.6666666666,3,0.6666666666666666,688394.6666666666,2,2,4,False,0.125,bajo
8,Onboarding,Cumplimiento,4,1425841.97,Bajo,0,1.3333333333333333,356460.5,475280.6666666666,5,1.411214953271028,503042.3878504672,4,1,4,False,0.125,bajo
9,Reclamaciones,Reputacional,3,5863603.43,Alto,0,1.0,1954534.3333333333,1954534.3333333333,1,1.1249999999999998,2198851.1249999995,3,3,9,False,0.3333333333333333,bajo
10,Credito,Reputacional,3,5635280.8,Medio,0,1.0,1878427.0,1878427.0,3,1.0,1878427.0,2,3,6,False,0.20833333333333334,bajo
11,Reclamaciones,Reputacional,2,9955708.81,Medio,0,0.6666666666666666,4977854.5,3318569.6666666665,3,0.6666666666666666,3318569.6666666665,2,5,10,False,0.375,bajo
12,Reclamaciones,Reputacional,5,11435632.6,Bajo,0,1.6666666666666667,2287126.6,3811877.666666667,5,1.764018691588785,4034534.0724299066,5,3,15,False,0.5833333333333334,medio
13,Reclamaciones,Operativo,2,3468981.58,Medio,0,0.6666666666666666,1734491.0,1156327.3333333333,3,0.6666666666666666,1156327.3333333333,2,2,4,False,0.125,bajo
14,Reclamaciones,Reputacional,3,8832982.6,Alto,1,1.0,2944327.6666666665,2944327.6666666665,1,1.1249999999999998,3312368.624999999,3,4,12,True,0.4583333333333333,medio
15,Pagos,Cumplimiento,4,2139840.92,Medio,0,1.3333333333333333,534960.25,713280.3333333333,3,1.3333333333333333,713280.3333333333,4,1,4,False,0.125,bajo
16,Onboarding,Operativo,8,38497296.85,Alto,0,2.6666666666666665,4812162.125,12832432.333333332,1,2.999999999999999,14436486.374999996,5,5,25,True,1.0,alto
17,Pagos,Cumplimiento,3,9633912.67,Medio,0,1.0,3211304.333333333,3211304.333333333,3,1.0,3211304.333333333,2,4,8,False,0.2916666666666667,bajo
18,Pagos,Cumplimiento,4,15194821.27,Bajo,0,1.3333333333333333,3798705.25,5064940.333333333,5,1.411214953271028,5360789.651869158,4,4,16,True,0.625,medio
19,Pagos,Cumplimiento,5,4676709.49,Alto,1,1.6666666666666667,935341.8,1558903.0000000002,1,1.875,1753765.8749999998,5,2,10,True,0.375,bajo
20,Reclamaciones,Reputacional,3,6319324.44,Medio,0,1.0,2106441.333333333,2106441.333333333,3,1.0,2106441.333333333,2,3,6,False,0.20833333333333334,bajo
21,Credito,Reputacional,3,6513529.97,Medio,0,1.0,2171176.6666666665,2171176.6666666665,3,1.0,2171176.6666666665,2,3,6,False,0.20833333333333334,bajo
22,Onboarding,Operativo,5,20634257.88,Medio,0,1.6666666666666667,4126851.6,6878086.0,3,1.6666666666666667,6878086.0,4,5,20,True,0.7916666666666666,alto
23,Credito,Operativo,1,106059.73,Alto,0,0.3333333333333333,106060.0,35353.33333333333,1,0.3749999999999999,39772.49999999999,1,1,1,False,0.0,bajo
24,Pagos,Reputacional,5,7870901.15,Alto,0,1.6666666666666667,1574180.2,2623633.6666666665,1,1.875,2951587.8749999995,5,2,10,False,0.375,bajo
25,Pagos,Cumplimiento,0,0.0,Alto,0,0.0,0.0,0.0,1,0.0,0.0,1,1,1,False,0.0,bajo
26,Credito,Operativo,4,9707776.25,Bajo,0,1.3333333333333333,2426944.0,3235925.333333333,5,1.411214953271028,3424939.6635514013,4,3,12,False,0.4583333333333333,medio
27,Credito,Reputacional,1,1974378.77,Bajo,0,0.3333333333333333,1974379.0,658126.3333333333,5,0.3528037383177569,696568.2920560747,1,3,3,False,0.08333333333333333,bajo
28,Credito,Reputacional,7,4810134.77,Alto,0,2.333333333333333,687162.1428571428,1603378.3333333335,1,2.625,1803800.625,5,1,5,False,0.16666666666666666,bajo
29,Pagos,Reputacional,1,4873406.68,Medio,0,0.3333333333333333,4873407.0,1624469.0,3,0.3333333333333333,1624469.0,1,5,5,False,0.16666666666666666,bajo
30,Pagos,Cumplimiento,2,396258.29,Bajo,0,0.6666666666666666,198129.0,132086.0,5,0.7056074766355139,139801.30373831774,2,1,2,False,0.041666666666666664,bajo
31,Onboarding,Reputacional,2,7424366.21,Alto,0,0.6666666666666666,3712183.0,2474788.6666666665,1,0.7499999999999998,2784137.249999999,2,4,8,False,0.2916666666666667,bajo
32,Onboarding,Reputacional,2,7732278.09,Medio,0,0.6666666666666666,3866139.0,2577426.0,3,0.6666666666666666,2577426.0,2,4,8,False,0.2916666666666667,bajo
33,Pagos,Reputacional,0,0.0,Bajo,0,0.0,0.0,0.0,5,0.0,0.0,1,1,1,False,0.0,bajo
34,Credito,Reputacional,3,10171909.12,Medio,0,1.0,3390636.333333333,3390636.333333333,3,1.0,3390636.333333333,2,4,8,False,0.2916666666666667,bajo
35,Credito,Operativo,1,555352.81,Medio,0,0.3333333333333333,555353.0,185117.66666666663,3,0.3333333333333333,185117.66666666663,1,1,1,False,0.0,bajo
36,Onboarding,Operativo,4,5438126.42,Medio,0,1.3333333333333333,1359531.5,1812708.6666666665,3,1.3333333333333333,1812708.6666666665,4,2,8,False,0.2916666666666667,bajo
37,Pagos,Reputacional,3,11882159.23,Medio,1,1.0,3960719.6666666665,3960719.6666666665,3,1.0,3960719.6666666665,2,5,10,True,0.375,bajo
38,Onboarding,Cumplimiento,5,21684811.7,Bajo,0,1.6666666666666667,4336962.4,7228270.666666668,5,1.764018691588785,7650482.738317758,5,5,25,True,1.0,alto
39,Onboarding,Operativo,2,6163166.84,Bajo,0,0.6666666666666666,3081583.5,2054389.0,5,0.7056074766355139,2174388.3574766354,2,4,8,False,0.2916666666666667,bajo
40,Reclamaciones,Reputacional,0,0.0,Bajo,0,0.0,0.0,0.0,5,0.0,0.0,1,1,1,False,0.0,bajo
41,Reclamaciones,Operativo,1,880589.7,Alto,0,0.3333333333333333,880590.0,293530.0,1,0.3749999999999999,330221.2499999999,1,2,2,False,0.041666666666666664,bajo
42,Reclamaciones,Operativo,2,818468.52,Bajo,0,0.6666666666666666,409234.5,272823.0,5,0.7056074766355139,288758.9228971962,2,1,2,False,0.041666666666666664,bajo
43,Credito,Cumplimiento,6,4058881.44,Medio,0,2.0,676480.1666666666,1352960.3333333333,3,2.0,1352960.3333333333,5,1,5,False,0.16666666666666666,bajo
44,Pagos,Reputacional,2,2428101.54,Bajo,0,0.6666666666666666,1214051.0,809367.3333333333,5,0.7056074766355139,856643.4626168223,2,2,4,False,0.125,bajo
45,Pagos,Reputacional,3,5322615.18,Medio,0,1.0,1774205.0,1774205.0,3,1.0,1774205.0,2,3,6,False,0.20833333333333334,bajo
46,Pagos,Cumplimiento,1,1966456.68,Alto,0,0.3333333333333333,1966457.0,655485.6666666666,1,0.3749999999999999,737421.3749999998,1,3,3,False,0.08333333333333333,bajo
47,Pagos,Cumplimiento,4,7187906.66,Medio,0,1.3333333333333333,1796976.75,2395969.0,3,1.3333333333333333,2395969.0,4,3,12,False,0.4583333333333333,medio
48,Reclamaciones,Reputacional,3,3814113.38,Medio,0,1.0,1271371.0,1271371.0,3,1.0,1271371.0,2,2,4,False,0.125,bajo
49,Credito,Reputacional,6,15585892.85,Medio,0,2.0,2597648.833333333,5195297.666666667,3,2.0,5195297.666666667,5,3,15,False,0.5833333333333334,medio
50,Credito,Cumplimiento,4,16575607.72,Alto,0,1.3333333333333333,4143902.0,5525202.666666666,1,1.4999999999999996,6215852.999999998,4,5,20,True,0.7916666666666666,alto
51,Reclamaciones,Operativo,4,5882189.35,Bajo,0,1.3333333333333333,1470547.25,1960729.6666666665,5,1.411214953271028,2075258.2686915884,4,2,8,False,0.2916666666666667,bajo
52,Credito,Operativo,6,28306178.36,Bajo,0,2.0,4717696.333333333,9435392.666666666,5,2.116822429906542,9986525.41588785,5,5,25,True,1.0,alto
53,Reclamaciones,Cumplimiento,0,0.0,Alto,0,0.0,0.0,0.0,1,0.0,0.0,1,1,1,False,0.0,bajo
54,Pagos,Operativo,2,1785289.27,Medio,1,0.6666666666666666,892644.5,595096.3333333333,3,0.6666666666666666,595096.3333333333,2,2,4,True,0.125,bajo
55,Reclamaciones,Cumplimiento,3,11858256.56,Bajo,0,1.0,3952752.3333333335,3952752.3333333335,5,1.058411214953271,4183637.39953271,3,5,15,False,0.5833333333333334,medio
56,Pagos,Operativo,3,8746434.52,Alto,0,1.0,2915478.333333333,2915478.333333333,1,1.1249999999999998,3279913.1249999995,3,4,12,False,0.4583333333333333,medio
57,Pagos,Operativo,6,17257315.65,Bajo,0,2.0,2876219.333333333,5752438.666666667,5,2.116822429906542,6088445.598130841,5,4,20,True,0.7916666666666666,alto
58,Onboarding,Reputacional,3,6048328.62,Alto,0,1.0,2016109.6666666667,2016109.6666666667,1,1.1249999999999998,2268123.3749999995,3,3,9,False,0.3333333333333333,bajo
59,Reclamaciones,Reputacional,4,10222598.78,Medio,0,1.3333333333333333,2555649.75,3407533.0,3,1.3333333333333333,3407533.0,4,3,12,False,0.4583333333333333,medio
60,Onboarding,Operativo,2,4092352.02,Bajo,0,0.6666666666666666,2046176.0,1364117.3333333333,5,0.7056074766355139,1443797.0841121494,2,3,6,False,0.20833333333333334,bajo
61,Reclamaciones,Operativo,3,8234069.5,Alto,0,1.0,2744690.0,2744690.0,1,1.1249999999999998,3087776.2499999995,3,3,9,False,0.3333333333333333,bajo
62,Reclamaciones,Reputacional,1,3176955.26,Bajo,0,0.3333333333333333,3176955.0,1058985.0,5,0.3528037383177569,1120841.6004672896,1,4,4,False,0.125,bajo
63,Onboarding,Reputacional,2,6808177.3,Bajo,0,0.6666666666666666,3404088.5,2269392.333333333,5,0.7056074766355139,2401950.296728972,2,4,8,False,0.2916666666666667,bajo
64,Onboarding,Reputacional,5,13545789.22,Bajo,0,1.6666666666666667,2709157.8,4515263.0,5,1.764018691588785,4779004.997663551,5,3,15,False,0.5833333333333334,medio
65,Reclamaciones,Cumplimiento,1,3634968.13,Bajo,1,0.3333333333333333,3634968.0,1211656.0,5,0.3528037383177569,1282430.2990654204,1,4,4,True,0.125,bajo
66,Credito,Operativo,1,792262.44,Alto,0,0.3333333333333333,792262.0,264087.3333333333,1,0.3749999999999999,297098.2499999999,1,2,2,False,0.041666666666666664,bajo
67,Pagos,Reputacional,3,3416142.62,Medio,0,1.0,1138714.3333333333,1138714.3333333333,3,1.0,1138714.3333333333,2,2,4,False,0.125,bajo
68,Onboarding,Operativo,3,12335404.56,Alto,0,1.0,4111801.6666666665,4111801.6666666665,1,1.1249999999999998,4625776.874999999,3,5,15,False,0.5833333333333334,medio
69,Pagos,Cumplimiento,4,6721548.37,Alto,0,1.3333333333333333,1680387.0,2240516.0,1,1.4999999999999996,2520580.499999999,4,2,8,False,0.2916666666666667,bajo
70,Credito,Cumplimiento,2,424359.48,Alto,0,0.6666666666666666,212179.5,141453.0,1,0.7499999999999998,159134.62499999994,2,1,2,False,0.041666666666666664,bajo
71,Credito,Reputacional,4,3414306.53,Medio,0,1.3333333333333333,853576.75,1138102.3333333333,3,1.3333333333333333,1138102.3333333333,4,2,8,False,0.2916666666666667,bajo
72,Credito,Cumplimiento,5,5978553.65,Bajo,0,1.6666666666666667,1195710.8,1992851.3333333333,5,1.764018691588785,2109256.20093458,5,2,10,False,0.375,bajo
73,Onboarding,Operativo,4,19163528.6,Bajo,0,1.3333333333333333,4790882.25,6387843.0,5,1.411214953271028,6760964.670560746,4,5,20,True,0.7916666666666666,alto
74,Credito,Reputacional,1,2907903.0,Bajo,0,0.3333333333333333,2907903.0,969301.0,5,0.3528037383177569,1025919.0490654204,1,4,4,False,0.125,bajo
75,Onboarding,Operativo,2,9340761.26,Medio,0,0.6666666666666666,4670380.5,3113587.0,3,0.6666666666666666,3113587.0,2,5,10,False,0.375,bajo
76,Credito,Operativo,3,8754901.25,Bajo,0,1.0,2918300.333333333,2918300.333333333,5,1.058411214953271,3088761.801401869,3,4,12,False,0.4583333333333333,medio
77,Pagos,Cumplimiento,1,2448836.76,Medio,1,0.3333333333333333,2448837.0,816279.0,3,0.3333333333333333,816279.0,1,3,3,True,0.08333333333333333,bajo
78,Pagos,Cumplimiento,0,0.0,Bajo,0,0.0,0.0,0.0,5,0.0,0.0,1,1,1,False,0.0,bajo
79,Reclamaciones,Cumplimiento,5,15356088.14,Bajo,0,1.6666666666666667,3071217.6,5118696.0,5,1.764018691588785,5417685.252336449,5,4,20,True,0.7916666666666666,alto
80,Pagos,Cumplimiento,7,5474492.24,Alto,0,2.333333333333333,782070.2857142857,1824830.6666666667,1,2.625,2052934.4999999995,5,2,10,False,0.375,bajo
81,Reclamaciones,Cumplimiento,3,13504445.92,Medio,0,1.0,4501482.0,4501482.0,3,1.0,4501482.0,2,5,10,False,0.375,bajo
82,Pagos,Reputacional,4,16654915.14,Alto,0,1.3333333333333333,4163728.75,5551638.333333333,1,1.4999999999999996,6245593.124999998,4,5,20,True,0.7916666666666666,alto
83,Onboarding,Operativo,4,6623616.38,Alto,0,1.3333333333333333,1655904.0,2207872.0,1,1.4999999999999996,2483855.999999999,4,2,8,False,0.2916666666666667,bajo
84,Pagos,Operativo,3,14306123.66,Alto,1,1.0,4768708.0,4768708.0,1,1.1249999999999998,5364796.499999999,3,5,15,True,0.5833333333333334,medio
85,Reclamaciones,Operativo,2,8286967.52,Medio,0,0.6666666666666666,4143484.0,2762322.6666666665,3,0.6666666666666666,2762322.6666666665,2,5,10,False,0.375,bajo
86,Reclamaciones,Operativo,0,0.0,Medio,1,0.0,0.0,0.0,3,0.0,0.0,1,1,1,True,0.0,bajo
87,Credito,Cumplimiento,2,1393266.73,Bajo,0,0.6666666666666666,696633.5,464422.3333333333,5,0.7056074766355139,491549.8060747663,2,1,2,False,0.041666666666666664,bajo
88,Onboarding,Operativo,4,9773386.85,Alto,0,1.3333333333333333,2443346.75,3257795.6666666665,1,1.4999999999999996,3665020.124999999,4,3,12,False,0.4583333333333333,medio
89,Pagos,Reputacional,5,12899635.09,Bajo,0,1.6666666666666667,2579927.0,4299878.333333334,5,1.764018691588785,4551039.45093458,5,3,15,False,0.5833333333333334,medio
90,Credito,Reputacional,0,0.0,Alto,0,0.0,0.0,0.0,1,0.0,0.0,1,1,1,False,0.0,bajo
91,Pagos,Operativo,6,2950982.59,Medio,0,2.0,491830.5,983661.0,3,2.0,983661.0,5,1,5,False,0.16666666666666666,bajo
92,Pagos,Operativo,5,19529728.95,Medio,0,1.6666666666666667,3905945.8,6509909.666666667,3,1.6666666666666667,6509909.666666667,4,4,16,True,0.625,medio
93,Credito,Reputacional,6,4187830.53,Medio,0,2.0,697971.8333333334,1395943.6666666667,3,2.0,1395943.6666666667,5,1,5,False,0.16666666666666666,bajo
94,Credito,Reputacional,2,6024049.36,Alto,0,0.6666666666666666,3012024.5,2008016.3333333333,1,0.7499999999999998,2259018.3749999995,2,4,8,False,0.2916666666666667,bajo
95,Credito,Cumplimiento,3,14065802.86,Medio,1,1.0,4688601.0,4688601.0,3,1.0,4688601.0,2,5,10,True,0.375,bajo
96,Credito,Reputacional,4,17571661.77,Alto,0,1.3333333333333333,4392915.5,5857220.666666666,1,1.4999999999999996,6589373.249999998,4,5,20,True,0.7916666666666666,alto
97,Credito,Cumplimiento,6,8765927.14,Bajo,0,2.0,1460987.8333333333,2921975.6666666665,5,2.116822429906542,3092651.8154205605,5,2,10,False,0.375,bajo
98,Pagos,Cumplimiento,4,17088393.3,Alto,0,1.3333333333333333,4272098.25,5696131.0,1,1.4999999999999996,6408147.374999998,4,5,20,True,0.7916666666666666,alto
99,Credito,Cumplimiento,4,406517.12,Bajo,0,1.3333333333333333,101629.25,135505.66666666666,5,1.411214953271028,143420.7172897196,4,1,4,False,0.125,bajo
100,Onboarding,Cumplimiento,4,746681.07,Alto,0,1.3333333333333333,186670.25,248893.66666666663,1,1.4999999999999996,280005.37499999994,4,1,4,False,0.125,bajo
101,Reclamaciones,Cumplimiento,6,18315063.02,Bajo,0,2.0,3052510.5,6105021.0,5,2.116822429906542,6461622.693925234,5,4,20,True,0.7916666666666666,alto
102,Credito,Operativo,2,3775022.55,Medio,1,0.6666666666666666,1887511.5,1258341.0,3,0.6666666666666666,1258341.0,2,3,6,True,0.20833333333333334,bajo
103,Credito,Reputacional,3,5980974.37,Bajo,0,1.0,1993658.0,1993658.0,5,1.058411214953271,2110109.9859813084,3,3,9,False,0.3333333333333333,bajo
104,Pagos,Cumplimiento,3,8597284.03,Medio,0,1.0,2865761.333333333,2865761.333333333,3,1.0,2865761.333333333,2,4,8,False,0.2916666666666667,bajo
105,Credito,Reputacional,2,2079468.06,Medio,1,0.6666666666666666,1039734.0,693156.0,3,0.6666666666666666,693156.0,2,2,4,True,0.125,bajo
106,Credito,Reputacional,3,3412803.65,Bajo,0,1.0,1137601.3333333333,1137601.3333333333,5,1.058411214953271,1204050.0093457943,3,2,6,False,0.20833333333333334,bajo
107,Credito,Cumplimiento,1,2474547.78,Alto,1,0.3333333333333333,2474548.0,824849.3333333333,1,0.3749999999999999,927955.4999999998,1,3,3,True,0.08333333333333333,bajo
108,Pagos,Operativo,3,11387527.1,Alto,0,1.0,3795842.3333333335,3795842.3333333335,1,1.1249999999999998,4270322.624999999,3,4,12,False,0.4583333333333333,medio
109,Credito,Cumplimiento,1,3135538.98,Alto,0,0.3333333333333333,3135539.0,1045179.6666666666,1,0.3749999999999999,1175827.1249999998,1,4,4,False,0.125,bajo
110,Reclamaciones,Operativo,3,4671119.21,Alto,0,1.0,1557039.6666666667,1557039.6666666667,1,1.1249999999999998,1751669.6249999998,3,2,6,False,0.20833333333333334,bajo
111,Pagos,Reputacional,3,6625956.51,Alto,0,1.0,2208652.333333333,2208652.333333333,1,1.1249999999999998,2484733.8749999995,3,3,9,False,0.3333333333333333,bajo
112,Reclamaciones,Operativo,3,2808771.95,Medio,0,1.0,936257.3333333334,936257.3333333334,3,1.0,936257.3333333334,2,2,4,False,0.125,bajo
113,Pagos,Operativo,6,2794116.54,Alto,0,2.0,465686.1666666667,931372.3333333334,1,2.25,1047793.875,5,1,5,False,0.16666666666666666,bajo
114,Credito,Operativo,3,11805631.8,Medio,1,1.0,3935210.6666666665,3935210.6666666665,3,1.0,3935210.6666666665,2,5,10,True,0.375,bajo
115,Reclamaciones,Reputacional,0,0.0,Medio,0,0.0,0.0,0.0,3,0.0,0.0,1,1,1,False,0.0,bajo
116,Pagos,Reputacional,3,2913165.9,Medio,0,1.0,971055.3333333334,971055.3333333334,3,1.0,971055.3333333334,2,2,4,False,0.125,bajo
117,Onboarding,Operativo,3,10466785.42,Bajo,0,1.0,3488928.333333333,3488928.333333333,5,1.058411214953271,3692720.876168224,3,4,12,False,0.4583333333333333,medio
118,Credito,Operativo,3,9385359.61,Bajo,0,1.0,3128453.333333333,3128453.333333333,5,1.058411214953271,3311190.093457944,3,4,12,False,0.4583333333333333,medio
119,Pagos,Cumplimiento,2,6405258.33,Medio,0,0.6666666666666666,3202629.0,2135086.0,3,0.6666666666666666,2135086.0,2,4,8,False,0.2916666666666667,bajo
120,Onboarding,Operativo,4,4886334.25,Bajo,0,1.3333333333333333,1221583.5,1628778.0,5,1.411214953271028,1723916.9018691587,4,2,8,False,0.2916666666666667,bajo
121,Pagos,Cumplimiento,4,4959852.56,Alto,1,1.3333333333333333,1239963.25,1653284.3333333333,1,1.4999999999999996,1859944.8749999995,4,2,8,True,0.2916666666666667,bajo
122,Onboarding,Operativo,5,5909664.43,Alto,0,1.6666666666666667,1181932.8,1969888.0,1,1.875,2216124.0,5,2,10,False,0.375,bajo
123,Credito,Cumplimiento,1,951387.72,Medio,0,0.3333333333333333,951388.0,317129.3333333333,3,0.3333333333333333,317129.3333333333,1,2,2,False,0.041666666666666664,bajo
124,Reclamaciones,Reputacional,8,26504367.96,Alto,1,2.6666666666666665,3313046.0,8834789.333333332,1,2.999999999999999,9939137.999999996,5,4,20,True,0.7916666666666666,alto
125,Onboarding,Operativo,2,8510555.68,Medio,0,0.6666666666666666,4255278.0,2836852.0,3,0.6666666666666666,2836852.0,2,5,10,False,0.375,bajo
126,Pagos,Operativo,5,18245778.01,Medio,0,1.6666666666666667,3649155.6,6081926.0,3,1.6666666666666667,6081926.0,4,4,16,True,0.625,medio
127,Credito,Operativo,7,27868811.64,Alto,0,2.333333333333333,3981258.857142857,9289604.0,1,2.625,10450804.499999998,5,5,25,True,1.0,alto
128,Onboarding,Operativo,2,4167024.61,Bajo,0,0.6666666666666666,2083512.5,1389008.3333333333,5,0.7056074766355139,1470141.9976635512,2,3,6,False,0.20833333333333334,bajo
129,Pagos,Cumplimiento,3,9914914.19,Alto,1,1.0,3304971.333333333,3304971.333333333,1,1.1249999999999998,3718092.75,3,4,12,True,0.4583333333333333,medio
130,Pagos,Operativo,7,12850303.05,Alto,0,2.333333333333333,1835757.5714285716,4283434.333333333,1,2.625,4818863.624999999,5,3,15,False,0.5833333333333334,medio
131,Pagos,Reputacional,0,0.0,Medio,0,0.0,0.0,0.0,3,0.0,0.0,1,1,1,False,0.0,bajo
132,Onboarding,Reputacional,5,12300053.74,Medio,1,1.6666666666666667,2460010.8,4100018.0,3,1.6666666666666667,4100018.0,4,3,12,True,0.4583333333333333,medio
133,Onboarding,Operativo,3,2900241.03,Medio,1,1.0,966747.0,966747.0,3,1.0,966747.0,2,2,4,True,0.125,bajo
134,Onboarding,Reputacional,3,5990057.78,Medio,0,1.0,1996686.0,1996686.0,3,1.0,1996686.0,2,3,6,False,0.20833333333333334,bajo
135,Reclamaciones,Operativo,4,19290916.6,Bajo,0,1.3333333333333333,4822729.25,6430305.666666666,5,1.411214953271028,6805907.633177569,4,5,20,True,0.7916666666666666,alto
136,Onboarding,Operativo,2,2636086.53,Bajo,0,0.6666666666666666,1318043.5,878695.6666666666,5,0.7056074766355139,930021.348130841,2,2,4,False,0.125,bajo
137,Onboarding,Reputacional,7,5289468.15,Bajo,0,2.333333333333333,755638.2857142857,1763156.0,5,2.4696261682242997,1866144.0841121497,5,2,10,False,0.375,bajo
138,Onboarding,Operativo,3,6453135.14,Medio,0,1.0,2151045.0,2151045.0,3,1.0,2151045.0,2,3,6,False,0.20833333333333334,bajo
139,Reclamaciones,Reputacional,1,3972654.91,Medio,0,0.3333333333333333,3972655.0,1324218.3333333333,3,0.3333333333333333,1324218.3333333333,1,5,5,False,0.16666666666666666,bajo
140,Onboarding,Cumplimiento,2,5905052.65,Medio,0,0.6666666666666666,2952526.5,1968351.0,3,0.6666666666666666,1968351.0,2,4,8,False,0.2916666666666667,bajo
141,Pagos,Operativo,5,17183883.27,Bajo,0,1.6666666666666667,3436776.6,5727961.0,5,1.764018691588785,6062538.161214953,5,4,20,True,0.7916666666666666,alto
142,Onboarding,Cumplimiento,3,3088514.27,Medio,0,1.0,1029504.6666666666,1029504.6666666666,3,1.0,1029504.6666666666,2,2,4,False,0.125,bajo
143,Pagos,Reputacional,2,6265692.29,Alto,0,0.6666666666666666,3132846.0,2088564.0,1,0.7499999999999998,2349634.4999999995,2,4,8,False,0.2916666666666667,bajo
144,Pagos,Cumplimiento,8,13481215.48,Alto,0,2.6666666666666665,1685151.875,4493738.333333333,1,2.999999999999999,5055455.624999998,5,2,10,False,0.375,bajo
145,Pagos,Cumplimiento,3,12564259.48,Medio,0,1.0,4188086.3333333335,4188086.3333333335,3,1.0,4188086.3333333335,2,5,10,False,0.375,bajo
146,Reclamaciones,Reputacional,5,15917820.75,Alto,0,1.6666666666666667,3183564.2,5305940.333333334,1,1.875,5969182.875,5,4,20,True,0.7916666666666666,alto
147,Reclamaciones,Cumplimiento,3,3223187.28,Alto,0,1.0,1074395.6666666667,1074395.6666666667,1,1.1249999999999998,1208695.1249999998,3,2,6,False,0.20833333333333334,bajo
148,Reclamaciones,Cumplimiento,2,833243.46,Bajo,0,0.6666666666666666,416621.5,277747.6666666666,5,0.7056074766355139,293971.2453271028,2,1,2,False,0.041666666666666664,bajo
149,Onboarding,Reputacional,1,308902.73,Medio,0,0.3333333333333333,308903.0,102967.66666666666,3,0.3333333333333333,102967.66666666666,1,1,1,False,0.0,bajo
150,Pagos,Cumplimiento,1,1919901.98,Medio,0,0.3333333333333333,1919902.0,639967.3333333333,3,0.3333333333333333,639967.3333333333,1,3,3,False,0.08333333333333333,bajo
151,Reclamaciones,Reputacional,1,1402670.57,Bajo,0,0.3333333333333333,1402671.0,467557.0,5,0.3528037383177569,494867.57242990646,1,2,2,False,0.041666666666666664,bajo
152,Reclamaciones,Cumplimiento,5,16329208.02,Alto,0,1.6666666666666667,3265841.6,5443069.333333334,1,1.875,6123452.999999999,5,4,20,True,0.7916666666666666,alto
153,Onboarding,Reputacional,10,25467357.91,Alto,1,3.333333333333333,2546735.8,8489119.333333334,1,3.75,9550259.249999998,5,3,15,True,0.5833333333333334,medio
154,Reclamaciones,Reputacional,1,1403494.46,Medio,0,0.3333333333333333,1403494.0,467831.3333333333,3,0.3333333333333333,467831.3333333333,1,2,2,False,0.041666666666666664,bajo
155,Onboarding,Cumplimiento,4,3325060.45,Alto,0,1.3333333333333333,831265.0,1108353.3333333333,1,1.4999999999999996,1246897.4999999995,4,2,8,False,0.2916666666666667,bajo
156,Credito,Cumplimiento,2,1446557.67,Bajo,0,0.6666666666666666,723279.0,482186.0,5,0.7056074766355139,510351.0700934579,2,1,2,False,0.041666666666666664,bajo
157,Reclamaciones,Cumplimiento,1,4336835.92,Bajo,0,0.3333333333333333,4336836.0,1445612.0,5,0.3528037383177569,1530051.953271028,1,5,5,False,0.16666666666666666,bajo
158,Credito,Operativo,2,2586084.09,Medio,0,0.6666666666666666,1293042.0,862028.0,3,0.6666666666666666,862028.0,2,2,4,False,0.125,bajo
159,Onboarding,Operativo,4,13173528.7,Bajo,0,1.3333333333333333,3293382.25,4391176.333333333,5,1.411214953271028,4647670.278037382,4,4,16,True,0.625,medio
160,Pagos,Operativo,5,20361805.24,Bajo,0,1.6666666666666667,4072361.0,6787268.333333334,5,1.764018691588785,7183720.922897196,5,5,25,True,1.0,alto
161,Reclamaciones,Reputacional,6,18653990.55,Medio,0,2.0,3108998.5,6217997.0,3,2.0,6217997.0,5,4,20,True,0.7916666666666666,alto
162,Onboarding,Cumplimiento,4,17247478.54,Bajo,1,1.3333333333333333,4311869.75,5749159.666666666,5,1.411214953271028,6084975.067757009,4,5,20,True,0.7916666666666666,alto
163,Pagos,Reputacional,3,6068187.71,Bajo,0,1.0,2022729.3333333333,2022729.3333333333,5,1.058411214953271,2140879.411214953,3,3,9,False,0.3333333333333333,bajo
164,Pagos,Operativo,0,0.0,Bajo,0,0.0,0.0,0.0,5,0.0,0.0,1,1,1,False,0.0,bajo
165,Credito,Cumplimiento,1,752410.52,Alto,0,0.3333333333333333,752411.0,250803.66666666663,1,0.3749999999999999,282154.12499999994,1,1,1,False,0.0,bajo
166,Onboarding,Reputacional,0,0.0,Medio,1,0.0,0.0,0.0,3,0.0,0.0,1,1,1,True,0.0,bajo
167,Pagos,Cumplimiento,3,9982774.55,Medio,0,1.0,3327591.6666666665,3327591.6666666665,3,1.0,3327591.6666666665,2,4,8,False,0.2916666666666667,bajo
168,Reclamaciones,Reputacional,1,4719872.59,Medio,0,0.3333333333333333,4719873.0,1573291.0,3,0.3333333333333333,1573291.0,1,5,5,False,0.16666666666666666,bajo
169,Reclamaciones,Cumplimiento,2,8127057.92,Alto,0,0.6666666666666666,4063529.0,2709019.333333333,1,0.7499999999999998,3047646.749999999,2,5,10,False,0.375,bajo
170,Credito,Operativo,5,2372213.06,Alto,0,1.6666666666666667,474442.6,790737.6666666666,1,1.875,889579.8749999999,5,1,5,False,0.16666666666666666,bajo
171,Pagos,Operativo,1,1468901.8,Medio,0,0.3333333333333333,1468902.0,489634.0,3,0.3333333333333333,489634.0,1,2,2,False,0.041666666666666664,bajo
172,Onboarding,Cumplimiento,1,4658562.54,Alto,0,0.3333333333333333,4658563.0,1552854.3333333333,1,0.3749999999999999,1746961.1249999995,1,5,5,False,0.16666666666666666,bajo
173,Reclamaciones,Reputacional,3,4019958.96,Medio,0,1.0,1339986.3333333333,1339986.3333333333,3,1.0,1339986.3333333333,2,2,4,False,0.125,bajo
174,Pagos,Operativo,7,27494145.54,Alto,0,2.333333333333333,3927735.142857143,9164715.333333334,1,2.625,10310304.749999998,5,5,25,True,1.0,alto
175,Pagos,Operativo,4,16572591.04,Bajo,0,1.3333333333333333,4143147.75,5524197.0,5,1.411214953271028,5846872.058411215,4,5,20,True,0.7916666666666666,alto
176,Credito,Operativo,0,0.0,Bajo,0,0.0,0.0,0.0,5,0.0,0.0,1,1,1,False,0.0,bajo
177,Reclamaciones,Cumplimiento,1,1993109.66,Medio,1,0.3333333333333333,1993110.0,664370.0,3,0.3333333333333333,664370.0,1,3,3,True,0.08333333333333333,bajo
178,Reclamaciones,Cumplimiento,5,11528048.59,Alto,1,1.6666666666666667,2305609.8,3842683.0,1,1.875,4323018.374999999,5,3,15,True,0.5833333333333334,medio
179,Onboarding,Reputacional,3,3636381.01,Alto,0,1.0,1212127.0,1212127.0,1,1.1249999999999998,1363642.8749999998,3,2,6,False,0.20833333333333334,bajo
180,Reclamaciones,Reputacional,6,26748092.93,Bajo,1,2.0,4458015.5,8916031.0,5,2.116822429906542,9436827.203271028,5,5,25,True,1.0,alto
181,Onboarding,Reputacional,4,9232145.27,Bajo,1,1.3333333333333333,2308036.25,3077381.6666666665,5,1.411214953271028,3257135.268691588,4,3,12,True,0.4583333333333333,medio
182,Reclamaciones,Cumplimiento,1,4424051.26,Alto,0,0.3333333333333333,4424051.0,1474683.6666666665,1,0.3749999999999999,1659019.1249999995,1,5,5,False,0.16666666666666666,bajo
183,Credito,Cumplimiento,1,617898.05,Alto,0,0.3333333333333333,617898.0,205966.0,1,0.3749999999999999,231711.74999999997,1,1,1,False,0.0,bajo
184,Reclamaciones,Reputacional,4,19770195.31,Alto,0,1.3333333333333333,4942548.75,6590065.0,1,1.4999999999999996,7413823.124999998,4,5,20,True,0.7916666666666666,alto
185,Onboarding,Reputacional,0,0.0,Alto,0,0.0,0.0,0.0,1,0.0,0.0,1,1,1,False,0.0,bajo
186,Onboarding,Cumplimiento,1,334371.02,Alto,0,0.3333333333333333,334371.0,111457.0,1,0.3749999999999999,125389.12499999996,1,1,1,False,0.0,bajo
187,Credito,Reputacional,4,1145228.23,Alto,0,1.3333333333333333,286307.0,381742.6666666666,1,1.4999999999999996,429460.4999999999,4,1,4,False,0.125,bajo
188,Reclamaciones,Operativo,2,7512831.12,Medio,0,0.6666666666666666,3756415.5,2504277.0,3,0.6666666666666666,2504277.0,2,4,8,False,0.2916666666666667,bajo
189,Reclamaciones,Cumplimiento,8,26634192.94,Alto,1,2.6666666666666665,3329274.125,8878064.333333332,1,2.999999999999999,9987822.374999996,5,4,20,True,0.7916666666666666,alto
190,Credito,Reputacional,1,4030439.73,Bajo,0,0.3333333333333333,4030440.0,1343480.0,5,0.3528037383177569,1421954.2990654204,1,5,5,False,0.16666666666666666,bajo
191,Reclamaciones,Cumplimiento,3,1848902.75,Medio,1,1.0,616301.0,616301.0,3,1.0,616301.0,2,1,2,True,0.041666666666666664,bajo
192,Reclamaciones,Operativo,5,1371486.24,Alto,0,1.6666666666666667,274297.2,457162.00000000006,1,1.875,514307.25,5,1,5,False,0.16666666666666666,bajo
193,Onboarding,Cumplimiento,0,0.0,Bajo,0,0.0,0.0,0.0,5,0.0,0.0,1,1,1,False,0.0,bajo
194,Reclamaciones,Cumplimiento,3,5997649.9,Medio,0,1.0,1999216.6666666667,1999216.6666666667,3,1.0,1999216.6666666667,2,3,6,False,0.20833333333333334,bajo
195,Reclamaciones,Cumplimiento,3,7090619.97,Bajo,0,1.0,2363540.0,2363540.0,5,1.058411214953271,2501597.242990654,3,3,9,False,0.3333333333333333,bajo
196,Credito,Cumplimiento,1,4958783.2,Alto,0,0.3333333333333333,4958783.0,1652927.6666666665,1,0.3749999999999999,1859543.6249999995,1,5,5,False,0.16666666666666666,bajo
197,Credito,Operativo,2,9713349.59,Alto,0,0.6666666666666666,4856675.0,3237783.333333333,1,0.7499999999999998,3642506.249999999,2,5,10,False,0.375,bajo
198,Pagos,Cumplimiento,0,0.0,Alto,0,0.0,0.0,0.0,1,0.0,0.0,1,1,1,False,0.0,bajo
199,Onboarding,Cumplimiento,2,7881658.23,Alto,0,0.6666666666666666,3940829.0,2627219.333333333,1,0.7499999999999998,2955621.749999999,2,5,10,False,0.375,bajo
200,Reclamaciones,Reputacional,0,0.0,Medio,0,0.0,0.0,0.0,3,0.0,0.0,1,1,1,False,0.0,bajo
201,Reclamaciones,Cumplimiento,3,6358324.67,Medio,0,1.0,2119441.6666666665,2119441.6666666665,3,1.0,2119441.6666666665,2,3,6,False,0.20833333333333334,bajo
202,Pagos,Reputacional,5,13965593.07,Bajo,0,1.6666666666666667,2793118.6,4655197.666666667,5,1.764018691588785,4927113.418224299,5,3,15,False,0.5833333333333334,medio
203,Reclamaciones,Operativo,3,12508856.51,Alto,0,1.0,4169619.0,4169619.0,1,1.1249999999999998,4690821.374999999,3,5,15,False,0.5833333333333334,medio
204,Onboarding,Operativo,3,1310078.64,Bajo,0,1.0,436693.0,436693.0,5,1.058411214953271,462200.7686915888,3,1,3,False,0.08333333333333333,bajo
205,Pagos,Operativo,4,8716218.96,Medio,0,1.3333333333333333,2179054.75,2905406.333333333,3,1.3333333333333333,2905406.333333333,4,3,12,False,0.4583333333333333,medio
206,Onboarding,Operativo,4,2019306.2,Alto,0,1.3333333333333333,504826.5,673102.0,1,1.4999999999999996,757239.7499999998,4,1,4,False,0.125,bajo
207,Pagos,Reputacional,3,7865466.52,Alto,0,1.0,2621822.333333333,2621822.333333333,1,1.1249999999999998,2949550.1249999995,3,3,9,False,0.3333333333333333,bajo
208,Pagos,Cumplimiento,6,27027684.23,Medio,0,2.0,4504614.0,9009228.0,3,2.0,9009228.0,5,5,25,True,1.0,alto
209,Credito,Operativo,3,11802528.39,Medio,0,1.0,3934176.0,3934176.0,3,1.0,3934176.0,2,5,10,False,0.375,bajo
210,Onboarding,Cumplimiento,7,8514994.92,Medio,1,2.333333333333333,1216427.857142857,2838331.6666666665,3,2.333333333333333,2838331.6666666665,5,2,10,True,0.375,bajo
211,Reclamaciones,Reputacional,5,24411775.82,Medio,0,1.6666666666666667,4882355.2,8137258.666666667,3,1.6666666666666667,8137258.666666667,4,5,20,True,0.7916666666666666,alto
212,Reclamaciones,Reputacional,2,6740033.9,Medio,1,0.6666666666666666,3370017.0,2246678.0,3,0.6666666666666666,2246678.0,2,4,8,True,0.2916666666666667,bajo
213,Onboarding,Reputacional,1,151095.73,Alto,0,0.3333333333333333,151096.0,50365.33333333333,1,0.3749999999999999,56660.99999999999,1,1,1,False,0.0,bajo
214,Reclamaciones,Operativo,2,2703052.15,Medio,1,0.6666666666666666,1351526.0,901017.3333333333,3,0.6666666666666666,901017.3333333333,2,2,4,True,0.125,bajo
215,Reclamaciones,Cumplimiento,0,0.0,Alto,0,0.0,0.0,0.0,1,0.0,0.0,1,1,1,False,0.0,bajo
216,Onboarding,Cumplimiento,4,1757384.4,Alto,0,1.3333333333333333,439346.0,585794.6666666666,1,1.4999999999999996,659018.9999999998,4,1,4,False,0.125,bajo
217,Pagos,Cumplimiento,1,4803149.94,Medio,1,0.3333333333333333,4803150.0,1601050.0,3,0.3333333333333333,1601050.0,1,5,5,True,0.16666666666666666,bajo
218,Onboarding,Reputacional,4,9773803.77,Medio,0,1.3333333333333333,2443451.0,3257934.6666666665,3,1.3333333333333333,3257934.6666666665,4,3,12,False,0.4583333333333333,medio
219,Pagos,Operativo,2,8978983.05,Alto,0,0.6666666666666666,4489491.5,2992994.333333333,1,0.7499999999999998,3367118.624999999,2,5,10,False,0.375,bajo
220,Reclamaciones,Reputacional,3,5036567.9,Medio,0,1.0,1678856.0,1678856.0,3,1.0,1678856.0,2,2,4,False,0.125,bajo
221,Reclamaciones,Reputacional,6,4281866.97,Medio,0,2.0,713644.5,1427289.0,3,2.0,1427289.0,5,1,5,False,0.16666666666666666,bajo
222,Reclamaciones,Cumplimiento,5,12121234.69,Medio,0,1.6666666666666667,2424247.0,4040411.666666667,3,1.6666666666666667,4040411.666666667,4,3,12,False,0.4583333333333333,medio
223,Credito,Reputacional,1,658387.51,Bajo,0,0.3333333333333333,658388.0,219462.66666666663,5,0.3528037383177569,232281.74766355136,1,1,1,False,0.0,bajo
224,Pagos,Cumplimiento,2,4962951.93,Alto,1,0.6666666666666666,2481476.0,1654317.3333333333,1,0.7499999999999998,1861106.9999999995,2,3,6,True,0.20833333333333334,bajo
225,Credito,Operativo,3,13828368.56,Bajo,1,1.0,4609456.333333333,4609456.333333333,5,1.058411214953271,4878700.278037382,3,5,15,True,0.5833333333333334,medio
226,Credito,Cumplimiento,3,7955291.68,Medio,0,1.0,2651764.0,2651764.0,3,1.0,2651764.0,2,3,6,False,0.20833333333333334,bajo
227,Onboarding,Operativo,3,9362545.99,Bajo,0,1.0,3120848.6666666665,3120848.6666666665,5,1.058411214953271,3303141.2289719624,3,4,12,False,0.4583333333333333,medio
228,Credito,Cumplimiento,1,867528.34,Medio,0,0.3333333333333333,867528.0,289176.0,3,0.3333333333333333,289176.0,1,2,2,False,0.041666666666666664,bajo
229,Onboarding,Reputacional,4,1257218.27,Bajo,0,1.3333333333333333,314304.5,419072.6666666666,5,1.411214953271028,443551.21028037375,4,1,4,False,0.125,bajo
230,Onboarding,Reputacional,6,3857754.09,Medio,0,2.0,642959.0,1285918.0,3,2.0,1285918.0,5,1,5,False,0.16666666666666666,bajo
231,Credito,Operativo,6,18196828.33,Bajo,0,2.0,3032804.6666666665,6065609.333333333,5,2.116822429906542,6419908.943925233,5,4,20,True,0.7916666666666666,alto
232,Pagos,Operativo,0,0.0,Bajo,1,0.0,0.0,0.0,5,0.0,0.0,1,1,1,True,0.0,bajo
233,Pagos,Operativo,3,5827095.48,Bajo,0,1.0,1942365.0,1942365.0,5,1.058411214953271,2055820.8995327104,3,3,9,False,0.3333333333333333,bajo
234,Pagos,Cumplimiento,4,11181802.03,Alto,0,1.3333333333333333,2795450.5,3727267.333333333,1,1.4999999999999996,4193175.749999999,4,3,12,False,0.4583333333333333,medio
235,Pagos,Cumplimiento,3,6013196.14,Bajo,0,1.0,2004398.6666666667,2004398.6666666667,5,1.058411214953271,2121478.028037383,3,3,9,False,0.3333333333333333,bajo
236,Pagos,Operativo,1,902050.63,Alto,0,0.3333333333333333,902051.0,300683.6666666666,1,0.3749999999999999,338269.1249999999,1,2,2,False,0.041666666666666664,bajo
237,Credito,Reputacional,4,5766309.63,Medio,0,1.3333333333333333,1441577.5,1922103.3333333333,3,1.3333333333333333,1922103.3333333333,4,2,8,False,0.2916666666666667,bajo
238,Credito,Cumplimiento,2,9297511.82,Bajo,0,0.6666666666666666,4648756.0,3099170.6666666665,5,0.7056074766355139,3280196.990654205,2,5,10,False,0.375,bajo
239,Reclamaciones,Cumplimiento,2,6824626.3,Medio,0,0.6666666666666666,3412313.0,2274875.333333333,3,0.6666666666666666,2274875.333333333,2,4,8,False,0.2916666666666667,bajo
240,Pagos,Cumplimiento,7,17714440.87,Medio,1,2.333333333333333,2530634.4285714286,5904813.666666667,3,2.333333333333333,5904813.666666667,5,3,15,True,0.5833333333333334,medio
241,Credito,Operativo,2,324605.92,Bajo,0,0.6666666666666666,162303.0,108202.0,5,0.7056074766355139,114522.21028037382,2,1,2,False,0.041666666666666664,bajo
242,Reclamaciones,Operativo,6,29777012.77,Alto,0,2.0,4962835.5,9925671.0,1,2.25,11166379.874999998,5,5,25,True,1.0,alto
243,Pagos,Operativo,4,13560516.72,Bajo,1,1.3333333333333333,3390129.25,4520172.333333333,5,1.411214953271028,4784201.091121495,4,4,16,True,0.625,medio
244,Onboarding,Operativo,4,6611680.56,Medio,0,1.3333333333333333,1652920.25,2203893.6666666665,3,1.3333333333333333,2203893.6666666665,4,2,8,False,0.2916666666666667,bajo
245,Reclamaciones,Operativo,2,8816832.87,Medio,0,0.6666666666666666,4408416.5,2938944.333333333,3,0.6666666666666666,2938944.333333333,2,5,10,False,0.375,bajo
246,Credito,Reputacional,1,1366314.94,Bajo,0,0.3333333333333333,1366315.0,455438.3333333333,5,0.3528037383177569,482041.0397196261,1,2,2,False,0.041666666666666664,bajo
247,Onboarding,Reputacional,4,11062724.95,Alto,0,1.3333333333333333,2765681.25,3687575.0,1,1.4999999999999996,4148521.874999999,4,3,12,False,0.4583333333333333,medio
248,Onboarding,Operativo,4,12866986.97,Alto,1,1.3333333333333333,3216746.75,4288995.666666666,1,1.4999999999999996,4825120.124999998,4,4,16,True,0.625,medio
249,Onboarding,Cumplimiento,3,3549631.56,Medio,0,1.0,1183210.6666666667,1183210.6666666667,3,1.0,1183210.6666666667,2,2,4,False,0.125,bajo
250,Reclamaciones,Operativo,3,14682440.0,Medio,0,1.0,4894146.666666667,4894146.666666667,3,1.0,4894146.666666667,2,5,10,False,0.375,bajo
251,Credito,Reputacional,2,7532280.68,Alto,0,0.6666666666666666,3766140.5,2510760.333333333,1,0.7499999999999998,2824605.374999999,2,4,8,False,0.2916666666666667,bajo
252,Onboarding,Reputacional,4,11333139.22,Bajo,0,1.3333333333333333,2833284.75,3777713.0,5,1.411214953271028,3998373.806074766,4,3,12,False,0.4583333333333333,medio
253,Pagos,Cumplimiento,3,2954740.59,Medio,0,1.0,984913.6666666666,984913.6666666666,3,1.0,984913.6666666666,2,2,4,False,0.125,bajo
254,Onboarding,Reputacional,6,2183431.29,Alto,0,2.0,363905.1666666667,727810.3333333334,1,2.25,818786.6249999999,5,1,5,False,0.16666666666666666,bajo
255,Onboarding,Operativo,2,3336586.36,Medio,0,0.6666666666666666,1668293.0,1112195.3333333333,3,0.6666666666666666,1112195.3333333333,2,2,4,False,0.125,bajo
256,Reclamaciones,Cumplimiento,1,3790617.95,Bajo,0,0.3333333333333333,3790618.0,1263539.3333333333,5,0.3528037383177569,1337344.2009345794,1,4,4,False,0.125,bajo
257,Reclamaciones,Operativo,1,1419723.36,Alto,0,0.3333333333333333,1419723.0,473241.0,1,0.3749999999999999,532396.1249999999,1,2,2,False,0.041666666666666664,bajo
258,Credito,Operativo,1,2743825.48,Medio,0,0.3333333333333333,2743825.0,914608.3333333333,3,0.3333333333333333,914608.3333333333,1,3,3,False,0.08333333333333333,bajo
259,Pagos,Cumplimiento,5,18334705.83,Bajo,0,1.6666666666666667,3666941.2,6111568.666666667,5,1.764018691588785,6468552.8177570095,5,4,20,True,0.7916666666666666,alto
260,Reclamaciones,Operativo,3,1886772.61,Medio,0,1.0,628924.3333333334,628924.3333333334,3,1.0,628924.3333333334,2,1,2,False,0.041666666666666664,bajo
261,Onboarding,Reputacional,3,10373880.84,Bajo,0,1.0,3457960.333333333,3457960.333333333,5,1.058411214953271,3659943.997663552,3,4,12,False,0.4583333333333333,medio
262,Credito,Operativo,1,550167.35,Bajo,0,0.3333333333333333,550167.0,183389.0,5,0.3528037383177569,194100.9742990654,1,1,1,False,0.0,bajo
263,Onboarding,Cumplimiento,3,14487407.21,Alto,0,1.0,4829135.666666667,4829135.666666667,1,1.1249999999999998,5432777.624999999,3,5,15,False,0.5833333333333334,medio
264,Onboarding,Cumplimiento,2,4986262.47,Bajo,0,0.6666666666666666,2493131.0,1662087.3333333333,5,0.7056074766355139,1759171.8738317755,2,3,6,False,0.20833333333333334,bajo
265,Reclamaciones,Cumplimiento,5,4191564.64,Medio,0,1.6666666666666667,838313.0,1397188.3333333335,3,1.6666666666666667,1397188.3333333335,4,2,8,False,0.2916666666666667,bajo
266,Credito,Operativo,4,7110719.27,Bajo,0,1.3333333333333333,1777679.75,2370239.6666666665,5,1.411214953271028,2508688.2453271025,4,3,12,False,0.4583333333333333,medio
267,Pagos,Cumplimiento,7,14880184.21,Bajo,0,2.333333333333333,2125740.571428572,4960061.333333334,5,2.4696261682242997,5249784.542056075,5,3,15,False,0.5833333333333334,medio
268,Pagos,Cumplimiento,2,7630213.11,Alto,0,0.6666666666666666,3815106.5,2543404.333333333,1,0.7499999999999998,2861329.874999999,2,4,8,False,0.2916666666666667,bajo
269,Reclamaciones,Operativo,4,14971106.21,Bajo,0,1.3333333333333333,3742776.5,4990368.666666666,5,1.411214953271028,5281862.163551401,4,4,16,True,0.625,medio
270,Reclamaciones,Reputacional,4,12394033.9,Bajo,0,1.3333333333333333,3098508.5,4131344.6666666665,5,1.411214953271028,4372661.528037382,4,4,16,True,0.625,medio
271,Credito,Operativo,5,3095302.46,Medio,0,1.6666666666666667,619060.4,1031767.3333333334,3,1.6666666666666667,1031767.3333333334,4,1,4,False,0.125,bajo
272,Pagos,Cumplimiento,4,3370759.68,Alto,0,1.3333333333333333,842690.0,1123586.6666666665,1,1.4999999999999996,1264034.9999999995,4,2,8,False,0.2916666666666667,bajo
273,Pagos,Cumplimiento,4,2237635.64,Alto,0,1.3333333333333333,559409.0,745878.6666666666,1,1.4999999999999996,839113.4999999998,4,1,4,False,0.125,bajo
274,Pagos,Operativo,0,0.0,Alto,0,0.0,0.0,0.0,1,0.0,0.0,1,1,1,False,0.0,bajo
275,Onboarding,Reputacional,3,13193935.09,Bajo,0,1.0,4397978.333333333,4397978.333333333,5,1.058411214953271,4654869.591121495,3,5,15,False,0.5833333333333334,medio
276,Pagos,Cumplimiento,6,13353735.06,Alto,0,2.0,2225622.5,4451245.0,1,2.25,5007650.624999999,5,3,15,False,0.5833333333333334,medio
277,Onboarding,Cumplimiento,2,1776312.1,Bajo,0,0.6666666666666666,888156.0,592104.0,5,0.7056074766355139,626689.5140186915,2,2,4,False,0.125,bajo
278,Credito,Cumplimiento,5,14172036.97,Bajo,0,1.6666666666666667,2834407.4,4724012.333333333,5,1.764018691588785,4999947.63317757,5,3,15,False,0.5833333333333334,medio
279,Onboarding,Operativo,3,12232757.59,Medio,0,1.0,4077586.0,4077586.0,3,1.0,4077586.0,2,5,10,False,0.375,bajo
280,Credito,Cumplimiento,3,11203167.3,Medio,1,1.0,3734389.0,3734389.0,3,1.0,3734389.0,2,4,8,True,0.2916666666666667,bajo
281,Pagos,Reputacional,2,8838217.64,Medio,0,0.6666666666666666,4419109.0,2946072.6666666665,3,0.6666666666666666,2946072.6666666665,2,5,10,False,0.375,bajo
282,Pagos,Cumplimiento,6,8770321.66,Medio,0,2.0,1461720.3333333333,2923440.6666666665,3,2.0,2923440.6666666665,5,2,10,False,0.375,bajo
283,Credito,Cumplimiento,5,5251869.75,Medio,0,1.6666666666666667,1050374.0,1750623.3333333335,3,1.6666666666666667,1750623.3333333335,4,2,8,False,0.2916666666666667,bajo
284,Reclamaciones,Reputacional,3,13233302.34,Bajo,1,1.0,4411100.666666667,4411100.666666667,5,1.058411214953271,4668758.41588785,3,5,15,True,0.5833333333333334,medio
285,Credito,Cumplimiento,4,13288182.13,Bajo,0,1.3333333333333333,3322045.5,4429394.0,5,1.411214953271028,4688120.285046728,4,4,16,True,0.625,medio
286,Reclamaciones,Operativo,3,4870655.27,Alto,0,1.0,1623551.6666666667,1623551.6666666667,1,1.1249999999999998,1826495.625,3,2,6,False,0.20833333333333334,bajo
287,Onboarding,Operativo,0,0.0,Bajo,0,0.0,0.0,0.0,5,0.0,0.0,1,1,1,False,0.0,bajo
288,Onboarding,Operativo,5,20470400.42,Bajo,0,1.6666666666666667,4094080.0,6823466.666666667,5,1.764018691588785,7222033.644859813,5,5,25,True,1.0,alto
289,Onboarding,Reputacional,4,12453573.51,Medio,0,1.3333333333333333,3113393.5,4151191.333333333,3,1.3333333333333333,4151191.333333333,4,4,16,True,0.625,medio
290,Pagos,Cumplimiento,6,20823792.83,Bajo,0,2.0,3470632.1666666665,6941264.333333333,5,2.116822429906542,7346712.016355139,5,4,20,True,0.7916666666666666,alto
291,Onboarding,Operativo,2,3877547.06,Medio,0,0.6666666666666666,1938773.5,1292515.6666666665,3,0.6666666666666666,1292515.6666666665,2,3,6,False,0.20833333333333334,bajo
292,Reclamaciones,Reputacional,3,8218826.31,Alto,0,1.0,2739608.6666666665,2739608.6666666665,1,1.1249999999999998,3082059.749999999,3,3,9,False,0.3333333333333333,bajo
293,Onboarding,Cumplimiento,2,5336759.87,Alto,0,0.6666666666666666,2668380.0,1778920.0,1,0.7499999999999998,2001284.9999999995,2,3,6,False,0.20833333333333334,bajo
294,Credito,Reputacional,3,12766302.53,Bajo,0,1.0,4255434.333333333,4255434.333333333,5,1.058411214953271,4503999.422897195,3,5,15,False,0.5833333333333334,medio
295,Credito,Operativo,1,4215823.5,Alto,0,0.3333333333333333,4215824.0,1405274.6666666665,1,0.3749999999999999,1580933.9999999995,1,5,5,False,0.16666666666666666,bajo
296,Pagos,Operativo,5,20900671.5,Bajo,1,1.6666666666666667,4180134.4,6966890.666666667,5,1.764018691588785,7373835.214953271,5,5,25,True,1.0,alto
297,Credito,Operativo,5,770274.55,Alto,0,1.6666666666666667,154055.0,256758.3333333333,1,1.875,288853.12499999994,5,1,5,False,0.16666666666666666,bajo
298,Reclamaciones,Reputacional,3,11318318.62,Medio,0,1.0,3772773.0,3772773.0,3,1.0,3772773.0,2,4,8,False,0.2916666666666667,bajo
299,Onboarding,Reputacional,3,11452542.93,Medio,0,1.0,3817514.3333333335,3817514.3333333335,3,1.0,3817514.3333333335,2,4,8,False,0.2916666666666667,bajo
300,Pagos,Operativo,2,6848112.46,Medio,1,0.6666666666666666,3424056.0,2282704.0,3,0.6666666666666666,2282704.0,2,4,8,True,0.2916666666666667,bajo
